BestScrore, AvgScore, AvgScoreGrow, BestScoreGrow, Best rotated, AvgRotated0,26.4684438476562,0,0,1.00555555582047,1.00509606846761
40152.4722248841,26.4684438476562,0,0,1.00555555582047,1.00547136231512
